10001,39, State-gov,77516, Bachelors,13, Never-married, Adm-clerical, Not-in-family, White, Male,2174,0,40, United-States, <=50K
10002,50, Self-emp-not-inc,83311, Bachelors,13, Married-civ-spouse, Exec-managerial, Husband, White, Male,0,0,13, United-States, <=50K
10003,38, Private,215646, HS-grad,9, Divorced, Handlers-cleaners, Not-in-family, White, Male,0,0,40, United-States, <=50K
10004,53, Private,234721, 11th,7, Married-civ-spouse, Handlers-cleaners, Husband, Black, Male,0,0,40, United-States, <=50K
10005,28, Private,338409, Bachelors,13, Married-civ-spouse, Prof-specialty, Wife, Black, Female,0,0,40, Cuba, <=50K
10006,37, Private,284582, Masters,14, Married-civ-spouse, Exec-managerial, Wife, White, Female,0,0,40, United-States, <=50K
10007,49, Private,160187, 9th,5, Married-spouse-absent, Other-service, Not-in-family, Black, Female,0,0,16, Jamaica, <=50K
10008,52, Self-emp-not-inc,209642, HS-grad,9, Married-civ-spouse, Exec-managerial, Husband, White, Male,0,0,45, United-States, >50K
10009,31, Private,45781, Masters,14, Never-married, Prof-specialty, Not-in-family, White, Female,14084,0,50, United-States, >50K
10010,42, Private,159449, Bachelors,13, Married-civ-spouse, Exec-managerial, Husband, White, Male,5178,0,40, United-States, >50K
10011,37, Private,280464, Some-college,10, Married-civ-spouse, Exec-managerial, Husband, Black, Male,0,0,80, United-States, >50K
10012,30, State-gov,141297, Bachelors,13, Married-civ-spouse, Prof-specialty, Husband, Asian-Pac-Islander, Male,0,0,40, India, >50K
10013,23, Private,122272, Bachelors,13, Never-married, Adm-clerical, Own-child, White, Female,0,0,30, United-States, <=50K
10014,32, Private,205019, Assoc-acdm,12, Never-married, Sales, Not-in-family, Black, Male,0,0,50, United-States, <=50K
10015,40, Private,121772, Assoc-voc,11, Married-civ-spouse, Craft-repair, Husband, Asian-Pac-Islander, Male,0,0,40, , >50K
10016,34, Private,245487, 7th-8th,4, Married-civ-spouse, Transport-moving, Husband, Amer-Indian-Eskimo, Male,0,0,45, Mexico, <=50K
10017,25, Self-emp-not-inc,176756, HS-grad,9, Never-married, Farming-fishing, Own-child, White, Male,0,0,35, United-States, <=50K
10018,32, Private,186824, HS-grad,9, Never-married, Machine-op-inspct, Unmarried, White, Male,0,0,40, United-States, <=50K
10019,38, Private,28887, 11th,7, Married-civ-spouse, Sales, Husband, White, Male,0,0,50, United-States, <=50K
10020,43, Self-emp-not-inc,292175, Masters,14, Divorced, Exec-managerial, Unmarried, White, Female,0,0,45, United-States, >50K
10021,40, Private,193524, Doctorate,16, Married-civ-spouse, Prof-specialty, Husband, White, Male,0,0,60, United-States, >50K
10022,54, Private,302146, HS-grad,9, Separated, Other-service, Unmarried, Black, Female,0,0,20, United-States, <=50K
10023,35, Federal-gov,76845, 9th,5, Married-civ-spouse, Farming-fishing, Husband, Black, Male,0,0,40, United-States, <=50K
10024,43, Private,117037, 11th,7, Married-civ-spouse, Transport-moving, Husband, White, Male,0,2042,40, United-States, <=50K
10025,59, Private,109015, HS-grad,9, Divorced, Tech-support, Unmarried, White, Female,0,0,40, United-States, <=50K
10026,56, Local-gov,216851, Bachelors,13, Married-civ-spouse, Tech-support, Husband, White, Male,0,0,40, United-States, >50K
10027,19, Private,168294, HS-grad,9, Never-married, Craft-repair, Own-child, White, Male,0,0,40, United-States, <=50K
10028,54, ,180211, Some-college,10, Married-civ-spouse, , Husband, Asian-Pac-Islander, Male,0,0,60, South, >50K
10029,39, Private,367260, HS-grad,9, Divorced, Exec-managerial, Not-in-family, White, Male,0,0,80, United-States, <=50K
10030,49, Private,193366, HS-grad,9, Married-civ-spouse, Craft-repair, Husband, White, Male,0,0,40, United-States, <=50K
10031,23, Local-gov,190709, Assoc-acdm,12, Never-married, Protective-serv, Not-in-family, White, Male,0,0,52, United-States, <=50K
10032,20, Private,266015, Some-college,10, Never-married, Sales, Own-child, Black, Male,0,0,44, United-States, <=50K
10033,45, Private,386940, Bachelors,13, Divorced, Exec-managerial, Own-child, White, Male,0,1408,40, United-States, <=50K
10034,30, Federal-gov,59951, Some-college,10, Married-civ-spouse, Adm-clerical, Own-child, White, Male,0,0,40, United-States, <=50K
10035,22, State-gov,311512, Some-college,10, Married-civ-spouse, Other-service, Husband, Black, Male,0,0,15, United-States, <=50K
10036,48, Private,242406, 11th,7, Never-married, Machine-op-inspct, Unmarried, White, Male,0,0,40, Puerto-Rico, <=50K
10037,21, Private,197200, Some-college,10, Never-married, Machine-op-inspct, Own-child, White, Male,0,0,40, United-States, <=50K
10038,19, Private,544091, HS-grad,9, Married-AF-spouse, Adm-clerical, Wife, White, Female,0,0,25, United-States, <=50K
10039,31, Private,84154, Some-college,10, Married-civ-spouse, Sales, Husband, White, Male,0,0,38, , >50K
10040,48, Self-emp-not-inc,265477, Assoc-acdm,12, Married-civ-spouse, Prof-specialty, Husband, White, Male,0,0,40, United-States, <=50K
10041,31, Private,507875, 9th,5, Married-civ-spouse, Machine-op-inspct, Husband, White, Male,0,0,43, United-States, <=50K
10042,53, Self-emp-not-inc,88506, Bachelors,13, Married-civ-spouse, Prof-specialty, Husband, White, Male,0,0,40, United-States, <=50K
10043,24, Private,172987, Bachelors,13, Married-civ-spouse, Tech-support, Husband, White, Male,0,0,50, United-States, <=50K
10044,49, Private,94638, HS-grad,9, Separated, Adm-clerical, Unmarried, White, Female,0,0,40, United-States, <=50K
10045,25, Private,289980, HS-grad,9, Never-married, Handlers-cleaners, Not-in-family, White, Male,0,0,35, United-States, <=50K
10046,57, Federal-gov,337895, Bachelors,13, Married-civ-spouse, Prof-specialty, Husband, Black, Male,0,0,40, United-States, >50K
10047,53, Private,144361, HS-grad,9, Married-civ-spouse, Machine-op-inspct, Husband, White, Male,0,0,38, United-States, <=50K
10048,44, Private,128354, Masters,14, Divorced, Exec-managerial, Unmarried, White, Female,0,0,40, United-States, <=50K
10049,41, State-gov,101603, Assoc-voc,11, Married-civ-spouse, Craft-repair, Husband, White, Male,0,0,40, United-States, <=50K
10050,29, Private,271466, Assoc-voc,11, Never-married, Prof-specialty, Not-in-family, White, Male,0,0,43, United-States, <=50K
10051,25, Private,32275, Some-college,10, Married-civ-spouse, Exec-managerial, Wife, Other, Female,0,0,40, United-States, <=50K
10052,18, Private,226956, HS-grad,9, Never-married, Other-service, Own-child, White, Female,0,0,30, , <=50K
10053,47, Private,51835, Prof-school,15, Married-civ-spouse, Prof-specialty, Wife, White, Female,0,1902,60, Honduras, >50K
10054,50, Federal-gov,251585, Bachelors,13, Divorced, Exec-managerial, Not-in-family, White, Male,0,0,55, United-States, >50K
10055,47, Self-emp-inc,109832, HS-grad,9, Divorced, Exec-managerial, Not-in-family, White, Male,0,0,60, United-States, <=50K
10056,43, Private,237993, Some-college,10, Married-civ-spouse, Tech-support, Husband, White, Male,0,0,40, United-States, >50K
10057,46, Private,216666, 5th-6th,3, Married-civ-spouse, Machine-op-inspct, Husband, White, Male,0,0,40, Mexico, <=50K
10058,35, Private,56352, Assoc-voc,11, Married-civ-spouse, Other-service, Husband, White, Male,0,0,40, Puerto-Rico, <=50K
10059,41, Private,147372, HS-grad,9, Married-civ-spouse, Adm-clerical, Husband, White, Male,0,0,48, United-States, <=50K
10060,30, Private,188146, HS-grad,9, Married-civ-spouse, Machine-op-inspct, Husband, White, Male,5013,0,40, United-States, <=50K
10061,30, Private,59496, Bachelors,13, Married-civ-spouse, Sales, Husband, White, Male,2407,0,40, United-States, <=50K
10062,32, ,293936, 7th-8th,4, Married-spouse-absent, , Not-in-family, White, Male,0,0,40, , <=50K
10063,48, Private,149640, HS-grad,9, Married-civ-spouse, Transport-moving, Husband, White, Male,0,0,40, United-States, <=50K
10064,42, Private,116632, Doctorate,16, Married-civ-spouse, Prof-specialty, Husband, White, Male,0,0,45, United-States, >50K
10065,29, Private,105598, Some-college,10, Divorced, Tech-support, Not-in-family, White, Male,0,0,58, United-States, <=50K
10066,36, Private,155537, HS-grad,9, Married-civ-spouse, Craft-repair, Husband, White, Male,0,0,40, United-States, <=50K
10067,28, Private,183175, Some-college,10, Divorced, Adm-clerical, Not-in-family, White, Female,0,0,40, United-States, <=50K
10068,53, Private,169846, HS-grad,9, Married-civ-spouse, Adm-clerical, Wife, White, Female,0,0,40, United-States, >50K
10069,49, Self-emp-inc,191681, Some-college,10, Married-civ-spouse, Exec-managerial, Husband, White, Male,0,0,50, United-States, >50K
10070,25, ,200681, Some-college,10, Never-married, , Own-child, White, Male,0,0,40, United-States, <=50K
10071,19, Private,101509, Some-college,10, Never-married, Prof-specialty, Own-child, White, Male,0,0,32, United-States, <=50K
10072,31, Private,309974, Bachelors,13, Separated, Sales, Own-child, Black, Female,0,0,40, United-States, <=50K
10073,29, Self-emp-not-inc,162298, Bachelors,13, Married-civ-spouse, Sales, Husband, White, Male,0,0,70, United-States, >50K
10074,23, Private,211678, Some-college,10, Never-married, Machine-op-inspct, Not-in-family, White, Male,0,0,40, United-States, <=50K
10075,79, Private,124744, Some-college,10, Married-civ-spouse, Prof-specialty, Other-relative, White, Male,0,0,20, United-States, <=50K
10076,27, Private,213921, HS-grad,9, Never-married, Other-service, Own-child, White, Male,0,0,40, Mexico, <=50K
10077,40, Private,32214, Assoc-acdm,12, Married-civ-spouse, Adm-clerical, Husband, White, Male,0,0,40, United-States, <=50K
10078,67, ,212759, 10th,6, Married-civ-spouse, , Husband, White, Male,0,0,2, United-States, <=50K
10079,18, Private,309634, 11th,7, Never-married, Other-service, Own-child, White, Female,0,0,22, United-States, <=50K
10080,31, Local-gov,125927, 7th-8th,4, Married-civ-spouse, Farming-fishing, Husband, White, Male,0,0,40, United-States, <=50K
10081,18, Private,446839, HS-grad,9, Never-married, Sales, Not-in-family, White, Male,0,0,30, United-States, <=50K
10082,52, Private,276515, Bachelors,13, Married-civ-spouse, Other-service, Husband, White, Male,0,0,40, Cuba, <=50K
10083,46, Private,51618, HS-grad,9, Married-civ-spouse, Other-service, Wife, White, Female,0,0,40, United-States, <=50K
10084,59, Private,159937, HS-grad,9, Married-civ-spouse, Sales, Husband, White, Male,0,0,48, United-States, <=50K
10085,44, Private,343591, HS-grad,9, Divorced, Craft-repair, Not-in-family, White, Female,14344,0,40, United-States, >50K
10086,53, Private,346253, HS-grad,9, Divorced, Sales, Own-child, White, Female,0,0,35, United-States, <=50K
10087,49, Local-gov,268234, HS-grad,9, Married-civ-spouse, Protective-serv, Husband, White, Male,0,0,40, United-States, >50K
10088,33, Private,202051, Masters,14, Married-civ-spouse, Prof-specialty, Husband, White, Male,0,0,50, United-States, <=50K
10089,30, Private,54334, 9th,5, Never-married, Sales, Not-in-family, White, Male,0,0,40, United-States, <=50K
10090,43, Federal-gov,410867, Doctorate,16, Never-married, Prof-specialty, Not-in-family, White, Female,0,0,50, United-States, >50K
10091,57, Private,249977, Assoc-voc,11, Married-civ-spouse, Prof-specialty, Husband, White, Male,0,0,40, United-States, <=50K
10092,37, Private,286730, Some-college,10, Divorced, Craft-repair, Unmarried, White, Female,0,0,40, United-States, <=50K
10093,28, Private,212563, Some-college,10, Divorced, Machine-op-inspct, Unmarried, Black, Female,0,0,25, United-States, <=50K
10094,30, Private,117747, HS-grad,9, Married-civ-spouse, Sales, Wife, Asian-Pac-Islander, Female,0,1573,35, , <=50K
10095,34, Local-gov,226296, Bachelors,13, Married-civ-spouse, Protective-serv, Husband, White, Male,0,0,40, United-States, >50K
10096,29, Local-gov,115585, Some-college,10, Never-married, Handlers-cleaners, Not-in-family, White, Male,0,0,50, United-States, <=50K
10097,48, Self-emp-not-inc,191277, Doctorate,16, Married-civ-spouse, Prof-specialty, Husband, White, Male,0,1902,60, United-States, >50K
10098,37, Private,202683, Some-college,10, Married-civ-spouse, Sales, Husband, White, Male,0,0,48, United-States, >50K
10099,48, Private,171095, Assoc-acdm,12, Divorced, Exec-managerial, Unmarried, White, Female,0,0,40, England, <=50K
10100,32, Federal-gov,249409, HS-grad,9, Never-married, Other-service, Own-child, Black, Male,0,0,40, United-States, <=50K
10101,76, Private,124191, Masters,14, Married-civ-spouse, Exec-managerial, Husband, White, Male,0,0,40, United-States, >50K
10102,44, Private,198282, Bachelors,13, Married-civ-spouse, Exec-managerial, Husband, White, Male,15024,0,60, United-States, >50K
10103,47, Self-emp-not-inc,149116, Masters,14, Never-married, Prof-specialty, Not-in-family, White, Female,0,0,50, United-States, <=50K
10104,20, Private,188300, Some-college,10, Never-married, Tech-support, Own-child, White, Female,0,0,40, United-States, <=50K
10105,29, Private,103432, HS-grad,9, Never-married, Craft-repair, Not-in-family, White, Male,0,0,40, United-States, <=50K
10106,32, Self-emp-inc,317660, HS-grad,9, Married-civ-spouse, Craft-repair, Husband, White, Male,7688,0,40, United-States, >50K
10107,17, ,304873, 10th,6, Never-married, , Own-child, White, Female,34095,0,32, United-States, <=50K
10108,30, Private,194901, 11th,7, Never-married, Handlers-cleaners, Own-child, White, Male,0,0,40, United-States, <=50K
10109,31, Local-gov,189265, HS-grad,9, Never-married, Adm-clerical, Not-in-family, White, Female,0,0,40, United-States, <=50K
10110,42, Private,124692, HS-grad,9, Married-civ-spouse, Handlers-cleaners, Husband, White, Male,0,0,40, United-States, <=50K
10111,24, Private,432376, Bachelors,13, Never-married, Sales, Other-relative, White, Male,0,0,40, United-States, <=50K
10112,38, Private,65324, Prof-school,15, Married-civ-spouse, Prof-specialty, Husband, White, Male,0,0,40, United-States, >50K
10113,56, Self-emp-not-inc,335605, HS-grad,9, Married-civ-spouse, Other-service, Husband, White, Male,0,1887,50, Canada, >50K
10114,28, Private,377869, Some-college,10, Married-civ-spouse, Sales, Wife, White, Female,4064,0,25, United-States, <=50K
10115,36, Private,102864, HS-grad,9, Never-married, Machine-op-inspct, Own-child, White, Female,0,0,40, United-States, <=50K
10116,53, Private,95647, 9th,5, Married-civ-spouse, Handlers-cleaners, Husband, White, Male,0,0,50, United-States, <=50K
10117,56, Self-emp-inc,303090, Some-college,10, Married-civ-spouse, Sales, Husband, White, Male,0,0,50, United-States, <=50K
10118,49, Local-gov,197371, Assoc-voc,11, Married-civ-spouse, Craft-repair, Husband, Black, Male,0,0,40, United-States, >50K
10119,55, Private,247552, Some-college,10, Married-civ-spouse, Sales, Husband, White, Male,0,0,56, United-States, <=50K
10120,22, Private,102632, HS-grad,9, Never-married, Craft-repair, Not-in-family, White, Male,0,0,41, United-States, <=50K
10121,21, Private,199915, Some-college,10, Never-married, Other-service, Own-child, White, Female,0,0,40, United-States, <=50K
10122,40, Private,118853, Bachelors,13, Married-civ-spouse, Exec-managerial, Husband, White, Male,0,0,60, United-States, <=50K
10123,30, Private,77143, Bachelors,13, Never-married, Exec-managerial, Own-child, Black, Male,0,0,40, Germany, <=50K
10124,29, State-gov,267989, Bachelors,13, Married-civ-spouse, Prof-specialty, Husband, White, Male,0,0,50, United-States, >50K
10125,19, Private,301606, Some-college,10, Never-married, Other-service, Own-child, Black, Male,0,0,35, United-States, <=50K
10126,47, Private,287828, Bachelors,13, Married-civ-spouse, Exec-managerial, Wife, White, Female,0,0,40, United-States, >50K
10127,20, Private,111697, Some-college,10, Never-married, Adm-clerical, Own-child, White, Female,0,1719,28, United-States, <=50K
10128,31, Private,114937, Assoc-acdm,12, Married-civ-spouse, Adm-clerical, Husband, White, Male,0,0,40, United-States, >50K
10129,35, ,129305, HS-grad,9, Married-civ-spouse, , Husband, White, Male,0,0,40, United-States, <=50K
10130,39, Private,365739, Some-college,10, Divorced, Craft-repair, Not-in-family, White, Male,0,0,40, United-States, <=50K
10131,28, Private,69621, Assoc-acdm,12, Never-married, Sales, Not-in-family, White, Female,0,0,60, United-States, <=50K
10132,24, Private,43323, HS-grad,9, Never-married, Other-service, Not-in-family, White, Female,0,1762,40, United-States, <=50K
10133,38, Self-emp-not-inc,120985, HS-grad,9, Married-civ-spouse, Craft-repair, Husband, White, Male,4386,0,35, United-States, <=50K
10134,37, Private,254202, Bachelors,13, Married-civ-spouse, Sales, Husband, White, Male,0,0,50, United-States, <=50K
10135,46, Private,146195, Assoc-acdm,12, Divorced, Tech-support, Not-in-family, Black, Female,0,0,36, United-States, <=50K
10136,38, Federal-gov,125933, Masters,14, Married-civ-spouse, Prof-specialty, Husband, White, Male,0,0,40, Iran, >50K
10137,43, Self-emp-not-inc,56920, HS-grad,9, Married-civ-spouse, Craft-repair, Husband, White, Male,0,0,60, United-States, <=50K
10138,27, Private,163127, Assoc-voc,11, Married-civ-spouse, Adm-clerical, Wife, White, Female,0,0,35, United-States, <=50K
10139,20, Private,34310, Some-college,10, Never-married, Sales, Own-child, White, Male,0,0,20, United-States, <=50K
10140,49, Private,81973, Some-college,10, Married-civ-spouse, Craft-repair, Husband, Asian-Pac-Islander, Male,0,0,40, United-States, >50K
10141,61, Self-emp-inc,66614, HS-grad,9, Married-civ-spouse, Craft-repair, Husband, White, Male,0,0,40, United-States, <=50K
10142,27, Private,232782, Some-college,10, Never-married, Sales, Own-child, White, Female,0,0,40, United-States, <=50K
10143,19, Private,316868, Some-college,10, Never-married, Other-service, Own-child, White, Male,0,0,30, Mexico, <=50K
10144,45, Private,196584, Assoc-voc,11, Never-married, Prof-specialty, Not-in-family, White, Female,0,1564,40, United-States, >50K
10145,70, Private,105376, Some-college,10, Never-married, Tech-support, Other-relative, White, Male,0,0,40, United-States, <=50K
10146,31, Private,185814, HS-grad,9, Never-married, Transport-moving, Unmarried, Black, Female,0,0,30, United-States, <=50K
10147,22, Private,175374, Some-college,10, Married-civ-spouse, Other-service, Husband, White, Male,0,0,24, United-States, <=50K
10148,36, Private,108293, HS-grad,9, Widowed, Other-service, Unmarried, White, Female,0,0,24, United-States, <=50K
10149,64, Private,181232, 11th,7, Married-civ-spouse, Craft-repair, Husband, White, Male,0,2179,40, United-States, <=50K
10150,43, ,174662, Some-college,10, Divorced, , Not-in-family, White, Female,0,0,40, United-States, <=50K
10151,47, Local-gov,186009, Some-college,10, Divorced, Adm-clerical, Unmarried, White, Female,0,0,38, Mexico, <=50K
10152,34, Private,198183, HS-grad,9, Never-married, Adm-clerical, Not-in-family, White, Female,0,0,40, United-States, <=50K
10153,33, Private,163003, Bachelors,13, Never-married, Exec-managerial, Other-relative, Asian-Pac-Islander, Female,0,0,40, Philippines, <=50K
10154,21, Private,296158, HS-grad,9, Never-married, Craft-repair, Own-child, White, Male,0,0,35, United-States, <=50K
10155,52, ,252903, HS-grad,9, Divorced, , Not-in-family, White, Male,0,0,45, United-States, >50K
10156,48, Private,187715, HS-grad,9, Married-civ-spouse, Craft-repair, Husband, White, Male,0,0,46, United-States, <=50K
10157,23, Private,214542, Bachelors,13, Never-married, Handlers-cleaners, Not-in-family, White, Male,0,0,40, United-States, <=50K
10158,71, Self-emp-not-inc,494223, Some-college,10, Separated, Sales, Unmarried, Black, Male,0,1816,2, United-States, <=50K
10159,29, Private,191535, HS-grad,9, Divorced, Craft-repair, Not-in-family, White, Male,0,0,60, United-States, <=50K
10160,42, Private,228456, Bachelors,13, Separated, Other-service, Other-relative, Black, Male,0,0,50, United-States, <=50K
10161,68, ,38317, 1st-4th,2, Divorced, , Not-in-family, White, Female,0,0,20, United-States, <=50K
10162,25, Private,252752, HS-grad,9, Never-married, Other-service, Unmarried, White, Female,0,0,40, United-States, <=50K
10163,44, Self-emp-inc,78374, Masters,14, Divorced, Exec-managerial, Unmarried, Asian-Pac-Islander, Female,0,0,40, United-States, <=50K
10164,28, Private,88419, HS-grad,9, Never-married, Exec-managerial, Not-in-family, Asian-Pac-Islander, Female,0,0,40, England, <=50K
10165,45, Self-emp-not-inc,201080, Masters,14, Married-civ-spouse, Sales, Husband, White, Male,0,0,40, United-States, >50K
10166,36, Private,207157, Some-college,10, Divorced, Other-service, Unmarried, White, Female,0,0,40, Mexico, <=50K
10167,39, Federal-gov,235485, Assoc-acdm,12, Never-married, Exec-managerial, Not-in-family, White, Male,0,0,42, United-States, <=50K
10168,46, State-gov,102628, Masters,14, Widowed, Protective-serv, Unmarried, White, Male,0,0,40, United-States, <=50K
10169,18, Private,25828, 11th,7, Never-married, Handlers-cleaners, Own-child, White, Male,0,0,16, United-States, <=50K
10170,66, Local-gov,54826, Assoc-voc,11, Widowed, Prof-specialty, Not-in-family, White, Female,0,0,20, United-States, <=50K
10171,27, Private,124953, HS-grad,9, Never-married, Other-service, Not-in-family, White, Male,0,1980,40, United-States, <=50K
10172,28, State-gov,175325, HS-grad,9, Married-civ-spouse, Protective-serv, Husband, White, Male,0,0,40, United-States, <=50K
10173,51, Private,96062, Some-college,10, Married-civ-spouse, Sales, Husband, White, Male,0,1977,40, United-States, >50K
10174,27, Private,428030, Bachelors,13, Never-married, Craft-repair, Not-in-family, White, Male,0,0,50, United-States, <=50K
10175,28, State-gov,149624, Bachelors,13, Married-civ-spouse, Prof-specialty, Husband, White, Male,0,0,40, United-States, >50K
10176,27, Private,253814, HS-grad,9, Married-spouse-absent, Sales, Unmarried, White, Female,0,0,25, United-States, <=50K
10177,21, Private,312956, HS-grad,9, Never-married, Craft-repair, Own-child, Black, Male,0,0,40, United-States, <=50K
10178,34, Private,483777, HS-grad,9, Never-married, Handlers-cleaners, Not-in-family, Black, Male,0,0,40, United-States, <=50K
10179,18, Private,183930, HS-grad,9, Never-married, Other-service, Own-child, White, Male,0,0,12, United-States, <=50K
10180,33, Private,37274, Bachelors,13, Married-civ-spouse, Prof-specialty, Husband, White, Male,0,0,65, United-States, <=50K
10181,44, Local-gov,181344, Some-college,10, Married-civ-spouse, Exec-managerial, Husband, Black, Male,0,0,38, United-States, >50K
10182,43, Private,114580, Some-college,10, Divorced, Adm-clerical, Not-in-family, White, Female,0,0,40, United-States, <=50K
10183,30, Private,633742, Some-college,10, Never-married, Craft-repair, Not-in-family, Black, Male,0,0,45, United-States, <=50K
10184,40, Private,286370, 7th-8th,4, Married-civ-spouse, Machine-op-inspct, Husband, White, Male,0,0,40, Mexico, >50K
10185,37, Federal-gov,29054, Some-college,10, Married-civ-spouse, Adm-clerical, Husband, White, Male,0,0,42, United-States, >50K
10186,34, Private,304030, HS-grad,9, Married-civ-spouse, Adm-clerical, Husband, Black, Male,0,0,40, United-States, <=50K
10187,41, Self-emp-not-inc,143129, Bachelors,13, Divorced, Exec-managerial, Not-in-family, White, Female,0,0,40, United-States, <=50K
10188,53, ,135105, Bachelors,13, Divorced, , Not-in-family, White, Female,0,0,50, United-States, <=50K
10189,31, Private,99928, Masters,14, Married-civ-spouse, Prof-specialty, Wife, White, Female,0,0,50, United-States, <=50K
10190,58, State-gov,109567, Doctorate,16, Married-civ-spouse, Prof-specialty, Husband, White, Male,0,0,1, United-States, >50K
10191,38, Private,155222, Some-college,10, Divorced, Machine-op-inspct, Not-in-family, Black, Female,0,0,28, United-States, <=50K
10192,24, Private,159567, Some-college,10, Married-civ-spouse, Machine-op-inspct, Husband, White, Male,0,0,40, United-States, <=50K
10193,41, Local-gov,523910, Bachelors,13, Married-civ-spouse, Craft-repair, Husband, Black, Male,0,0,40, United-States, <=50K
10194,47, Private,120939, Some-college,10, Married-civ-spouse, Tech-support, Husband, White, Male,0,0,45, United-States, <=50K
10195,41, Federal-gov,130760, Bachelors,13, Married-civ-spouse, Tech-support, Husband, White, Male,0,0,24, United-States, <=50K
10196,23, Private,197387, 5th-6th,3, Married-civ-spouse, Transport-moving, Other-relative, White, Male,0,0,40, Mexico, <=50K
10197,36, Private,99374, Some-college,10, Divorced, Craft-repair, Not-in-family, White, Male,0,0,40, United-States, <=50K
10198,40, Federal-gov,56795, Masters,14, Never-married, Exec-managerial, Not-in-family, White, Female,14084,0,55, United-States, >50K
10199,35, Private,138992, Masters,14, Married-civ-spouse, Prof-specialty, Other-relative, White, Male,7298,0,40, United-States, >50K
10200,24, Self-emp-not-inc,32921, HS-grad,9, Never-married, Sales, Not-in-family, White, Male,0,0,40, United-States, <=50K
10201,26, Private,397317, Masters,14, Never-married, Prof-specialty, Not-in-family, White, Female,0,1876,40, United-States, <=50K
10202,19, ,170653, HS-grad,9, Never-married, , Own-child, White, Male,0,0,40, Italy, <=50K
10203,51, Private,259323, Bachelors,13, Married-civ-spouse, Exec-managerial, Husband, White, Male,0,0,50, United-States, >50K
10204,42, Local-gov,254817, Some-college,10, Never-married, Prof-specialty, Not-in-family, White, Female,0,1340,40, United-States, <=50K
10205,37, State-gov,48211, HS-grad,9, Divorced, Adm-clerical, Unmarried, White, Female,0,0,35, United-States, <=50K
10206,18, Private,140164, 11th,7, Never-married, Sales, Own-child, White, Female,0,0,40, United-States, <=50K
10207,36, Private,128757, Bachelors,13, Married-civ-spouse, Other-service, Husband, Black, Male,7298,0,36, United-States, >50K
10208,35, Private,36270, HS-grad,9, Divorced, Craft-repair, Not-in-family, White, Male,0,0,60, United-States, <=50K
10209,58, Self-emp-inc,210563, HS-grad,9, Married-civ-spouse, Sales, Wife, White, Female,15024,0,35, United-States, >50K
10210,17, Private,65368, 11th,7, Never-married, Sales, Own-child, White, Female,0,0,12, United-States, <=50K
10211,44, Local-gov,160943, HS-grad,9, Married-civ-spouse, Transport-moving, Husband, Black, Male,0,0,40, United-States, <=50K
10212,37, Private,208358, HS-grad,9, Married-civ-spouse, Craft-repair, Husband, White, Male,0,0,40, United-States, >50K
10213,35, Private,153790, Some-college,10, Never-married, Sales, Not-in-family, Amer-Indian-Eskimo, Female,0,0,40, United-States, <=50K
10214,60, Private,85815, HS-grad,9, Married-civ-spouse, Craft-repair, Husband, Asian-Pac-Islander, Male,0,0,40, United-States, <=50K
10215,54, Self-emp-inc,125417, 7th-8th,4, Married-civ-spouse, Machine-op-inspct, Husband, White, Male,0,0,40, United-States, >50K
10216,37, Private,635913, Bachelors,13, Never-married, Exec-managerial, Not-in-family, Black, Male,0,0,60, United-States, >50K
10217,50, Private,313321, Assoc-acdm,12, Divorced, Sales, Not-in-family, White, Female,0,0,40, United-States, <=50K
10218,38, Private,182609, Bachelors,13, Married-civ-spouse, Sales, Husband, White, Male,0,0,50, Poland, <=50K
10219,45, Private,109434, Bachelors,13, Married-civ-spouse, Prof-specialty, Husband, White, Male,0,0,55, United-States, <=50K
10220,25, Private,255004, 10th,6, Never-married, Craft-repair, Not-in-family, White, Male,0,0,40, United-States, <=50K
10221,31, Private,197860, Some-college,10, Married-civ-spouse, Handlers-cleaners, Husband, White, Male,0,0,40, United-States, <=50K
10222,64, ,187656, 1st-4th,2, Divorced, , Not-in-family, White, Male,0,0,40, United-States, <=50K
10223,90, Private,51744, HS-grad,9, Never-married, Other-service, Not-in-family, Black, Male,0,2206,40, United-States, <=50K
10224,54, Private,176681, HS-grad,9, Married-civ-spouse, Adm-clerical, Husband, Black, Male,0,0,20, United-States, <=50K
10225,53, Local-gov,140359, Preschool,1, Never-married, Machine-op-inspct, Not-in-family, White, Female,0,0,35, United-States, <=50K
10226,18, Private,243313, HS-grad,9, Never-married, Sales, Own-child, White, Female,0,0,40, United-States, <=50K
10227,60, ,24215, 10th,6, Divorced, , Not-in-family, Amer-Indian-Eskimo, Female,0,0,10, United-States, <=50K
10228,66, Self-emp-not-inc,167687, HS-grad,9, Married-civ-spouse, Farming-fishing, Husband, White, Male,1409,0,50, United-States, <=50K
10229,75, Private,314209, Assoc-voc,11, Widowed, Adm-clerical, Not-in-family, White, Female,0,0,20, Columbia, <=50K
10230,65, Private,176796, HS-grad,9, Divorced, Adm-clerical, Not-in-family, White, Female,0,0,40, United-States, <=50K
10231,35, Private,538583, 11th,7, Separated, Transport-moving, Not-in-family, Black, Male,3674,0,40, United-States, <=50K
10232,41, Private,130408, HS-grad,9, Divorced, Sales, Unmarried, Black, Female,0,0,38, United-States, <=50K
10233,25, Private,159732, Some-college,10, Never-married, Adm-clerical, Not-in-family, White, Male,0,0,42, United-States, <=50K
10234,33, Private,110978, Some-college,10, Divorced, Craft-repair, Other-relative, Other, Female,0,0,40, United-States, <=50K
10235,28, Private,76714, Prof-school,15, Never-married, Prof-specialty, Not-in-family, White, Male,0,0,55, United-States, >50K
10236,59, State-gov,268700, HS-grad,9, Married-civ-spouse, Other-service, Husband, White, Male,0,0,40, United-States, <=50K
10237,40, State-gov,170525, Some-college,10, Never-married, Adm-clerical, Not-in-family, White, Female,0,0,38, United-States, <=50K
10238,41, Private,180138, Bachelors,13, Married-civ-spouse, Exec-managerial, Husband, White, Male,0,0,50, Iran, >50K
10239,38, Local-gov,115076, Masters,14, Married-civ-spouse, Exec-managerial, Husband, White, Male,0,0,70, United-States, >50K
10240,23, Private,115458, HS-grad,9, Never-married, Transport-moving, Own-child, White, Male,0,0,40, United-States, <=50K
10241,40, Private,347890, Bachelors,13, Married-civ-spouse, Prof-specialty, Husband, White, Male,0,0,40, United-States, >50K
10242,41, Self-emp-not-inc,196001, HS-grad,9, Married-civ-spouse, Other-service, Wife, White, Female,0,0,20, United-States, <=50K
10243,24, State-gov,273905, Assoc-acdm,12, Married-civ-spouse, Protective-serv, Husband, White, Male,0,0,50, United-States, <=50K
10244,20, ,119156, Some-college,10, Never-married, , Own-child, White, Male,0,0,20, United-States, <=50K
10245,38, Private,179488, Some-college,10, Divorced, Craft-repair, Not-in-family, White, Male,0,1741,40, United-States, <=50K
10246,56, Private,203580, HS-grad,9, Married-civ-spouse, Adm-clerical, Husband, White, Male,0,0,35, , <=50K
10247,58, Private,236596, HS-grad,9, Married-civ-spouse, Adm-clerical, Husband, White, Male,0,0,45, United-States, >50K
10248,32, Private,183916, HS-grad,9, Never-married, Other-service, Not-in-family, White, Female,0,0,34, United-States, <=50K
10249,40, Private,207578, Assoc-acdm,12, Married-civ-spouse, Tech-support, Husband, White, Male,0,1977,60, United-States, >50K
10250,45, Private,153141, HS-grad,9, Married-civ-spouse, Adm-clerical, Husband, White, Male,0,0,40, , <=50K
10251,41, Private,112763, Prof-school,15, Married-civ-spouse, Prof-specialty, Wife, White, Female,0,0,40, United-States, >50K
10252,42, Private,390781, Bachelors,13, Married-civ-spouse, Adm-clerical, Wife, Black, Female,0,0,40, United-States, <=50K
10253,59, Local-gov,171328, 10th,6, Widowed, Other-service, Unmarried, Black, Female,0,0,30, United-States, <=50K
10254,19, Local-gov,27382, Some-college,10, Never-married, Adm-clerical, Own-child, White, Male,0,0,40, United-States, <=50K
10255,58, Private,259014, Some-college,10, Never-married, Transport-moving, Not-in-family, White, Male,0,0,20, United-States, <=50K
10256,42, Self-emp-not-inc,303044, HS-grad,9, Married-civ-spouse, Farming-fishing, Husband, Asian-Pac-Islander, Male,0,0,40, Cambodia, >50K
10257,20, Private,117789, HS-grad,9, Never-married, Other-service, Own-child, White, Female,0,0,40, United-States, <=50K
10258,32, Private,172579, HS-grad,9, Separated, Other-service, Not-in-family, White, Female,0,0,30, United-States, <=50K
10259,45, Private,187666, Assoc-voc,11, Widowed, Exec-managerial, Not-in-family, White, Female,0,0,45, United-States, <=50K
10260,50, Private,204518, 7th-8th,4, Divorced, Craft-repair, Not-in-family, White, Male,0,0,40, United-States, <=50K
10261,36, Private,150042, Bachelors,13, Divorced, Prof-specialty, Own-child, White, Female,0,0,40, United-States, <=50K
10262,45, Private,98092, HS-grad,9, Married-civ-spouse, Sales, Husband, White, Male,0,0,60, United-States, <=50K
10263,17, Private,245918, 11th,7, Never-married, Other-service, Own-child, White, Male,0,0,12, United-States, <=50K
10264,59, Private,146013, Some-college,10, Married-civ-spouse, Sales, Husband, White, Male,4064,0,40, United-States, <=50K
10265,26, Private,378322, 11th,7, Married-civ-spouse, Craft-repair, Husband, White, Male,0,0,40, United-States, <=50K
10266,37, Self-emp-inc,257295, Some-college,10, Married-civ-spouse, Exec-managerial, Husband, Asian-Pac-Islander, Male,0,0,75, Thailand, >50K
10267,19, ,218956, Some-college,10, Never-married, , Own-child, White, Male,0,0,24, Canada, <=50K
10268,64, Private,21174, HS-grad,9, Married-civ-spouse, Exec-managerial, Husband, White, Male,0,0,40, United-States, >50K
10269,33, Private,185480, Bachelors,13, Never-married, Prof-specialty, Not-in-family, White, Female,0,0,45, United-States, <=50K
10270,33, Private,222205, HS-grad,9, Married-civ-spouse, Craft-repair, Wife, White, Female,0,0,40, United-States, >50K
10271,61, Private,69867, HS-grad,9, Married-civ-spouse, Exec-managerial, Husband, White, Male,0,0,40, United-States, >50K
10272,17, Private,191260, 9th,5, Never-married, Other-service, Own-child, White, Male,1055,0,24, United-States, <=50K
10273,50, Self-emp-not-inc,30653, Masters,14, Married-civ-spouse, Farming-fishing, Husband, White, Male,2407,0,98, United-States, <=50K
10274,27, Local-gov,209109, Masters,14, Never-married, Prof-specialty, Own-child, White, Male,0,0,35, United-States, <=50K
10275,30, Private,70377, HS-grad,9, Divorced, Prof-specialty, Own-child, White, Female,0,0,40, United-States, <=50K
10276,43, Private,477983, HS-grad,9, Married-civ-spouse, Handlers-cleaners, Husband, Black, Male,0,0,40, United-States, <=50K
10277,44, Private,170924, Some-college,10, Married-civ-spouse, Craft-repair, Husband, White, Male,7298,0,40, United-States, >50K
10278,35, Private,190174, Some-college,10, Never-married, Exec-managerial, Not-in-family, White, Female,0,0,40, United-States, <=50K
10279,25, Private,193787, Some-college,10, Never-married, Tech-support, Own-child, White, Female,0,0,40, United-States, <=50K
10280,24, Private,279472, Some-college,10, Married-civ-spouse, Machine-op-inspct, Wife, White, Female,7298,0,48, United-States, >50K
10281,22, Private,34918, Bachelors,13, Never-married, Prof-specialty, Not-in-family, White, Female,0,0,15, Germany, <=50K
10282,42, Local-gov,97688, Some-college,10, Married-civ-spouse, Craft-repair, Husband, White, Male,5178,0,40, United-States, >50K
10283,34, Private,175413, Assoc-acdm,12, Divorced, Sales, Unmarried, Black, Female,0,0,45, United-States, <=50K
10284,60, Private,173960, Bachelors,13, Divorced, Prof-specialty, Not-in-family, White, Female,0,0,42, United-States, <=50K
10285,21, Private,205759, HS-grad,9, Never-married, Handlers-cleaners, Own-child, White, Male,0,0,40, United-States, <=50K
10286,57, Federal-gov,425161, Masters,14, Married-civ-spouse, Sales, Husband, White, Male,15024,0,40, United-States, >50K
10287,41, Private,220531, Prof-school,15, Married-civ-spouse, Prof-specialty, Husband, White, Male,0,0,60, United-States, >50K
10288,50, Private,176609, Some-college,10, Divorced, Other-service, Not-in-family, White, Male,0,0,45, United-States, <=50K
10289,25, Private,371987, Bachelors,13, Never-married, Exec-managerial, Not-in-family, White, Female,0,0,40, United-States, <=50K
10290,50, Private,193884, 7th-8th,4, Married-civ-spouse, Craft-repair, Husband, White, Male,0,0,40, Ecuador, <=50K
10291,36, Private,200352, Bachelors,13, Married-civ-spouse, Prof-specialty, Husband, White, Male,0,0,45, United-States, <=50K
10292,31, Private,127595, HS-grad,9, Divorced, Prof-specialty, Not-in-family, White, Female,0,0,40, United-States, <=50K
10293,29, Local-gov,220419, Bachelors,13, Never-married, Protective-serv, Not-in-family, White, Male,0,0,56, United-States, <=50K
10294,21, Private,231931, Some-college,10, Never-married, Sales, Own-child, White, Male,0,0,45, United-States, <=50K
10295,27, Private,248402, Bachelors,13, Never-married, Tech-support, Unmarried, Black, Female,0,0,40, United-States, <=50K
10296,65, Private,111095, HS-grad,9, Married-civ-spouse, Transport-moving, Husband, White, Male,0,0,16, United-States, <=50K
10297,37, Self-emp-inc,57424, Bachelors,13, Divorced, Sales, Not-in-family, White, Female,0,0,60, United-States, <=50K
10298,39, ,157443, Masters,14, Married-civ-spouse, , Wife, Asian-Pac-Islander, Female,3464,0,40, , <=50K
10299,24, Private,278130, HS-grad,9, Never-married, Craft-repair, Own-child, White, Male,0,0,40, United-States, <=50K
10300,38, Private,169469, HS-grad,9, Divorced, Sales, Not-in-family, White, Male,0,0,80, United-States, <=50K
10301,48, Private,146268, Bachelors,13, Married-civ-spouse, Adm-clerical, Husband, White, Male,7688,0,40, United-States, >50K
10302,21, Private,153718, Some-college,10, Never-married, Other-service, Not-in-family, Asian-Pac-Islander, Female,0,0,25, United-States, <=50K
10303,31, Private,217460, HS-grad,9, Married-civ-spouse, Transport-moving, Husband, White, Male,0,0,45, United-States, >50K
10304,55, Private,238638, HS-grad,9, Married-civ-spouse, Sales, Husband, White, Male,4386,0,40, United-States, >50K
10305,24, Private,303296, Some-college,10, Married-civ-spouse, Adm-clerical, Wife, Asian-Pac-Islander, Female,0,0,40, Laos, <=50K
10306,43, Private,173321, HS-grad,9, Divorced, Adm-clerical, Not-in-family, White, Female,0,0,40, United-States, <=50K
10307,26, Private,193945, Assoc-acdm,12, Never-married, Tech-support, Not-in-family, White, Male,0,0,45, United-States, <=50K
10308,46, Private,83082, Assoc-acdm,12, Never-married, Prof-specialty, Not-in-family, White, Female,0,0,33, United-States, <=50K
10309,35, Private,193815, Assoc-acdm,12, Married-civ-spouse, Adm-clerical, Husband, White, Male,0,0,40, United-States, >50K
10310,41, Self-emp-inc,34987, Some-college,10, Married-civ-spouse, Farming-fishing, Husband, White, Male,0,0,54, United-States, >50K
10311,26, Private,59306, Bachelors,13, Never-married, Sales, Not-in-family, White, Male,0,0,40, United-States, <=50K
10312,34, Private,142897, Masters,14, Married-civ-spouse, Exec-managerial, Husband, Asian-Pac-Islander, Male,7298,0,35, Taiwan, >50K
10313,19, ,860348, Some-college,10, Never-married, , Own-child, Black, Female,0,0,25, United-States, <=50K
10314,36, Self-emp-not-inc,205607, Bachelors,13, Divorced, Prof-specialty, Not-in-family, Black, Female,0,0,40, United-States, >50K
10315,22, Private,199698, Some-college,10, Never-married, Sales, Own-child, White, Male,0,0,15, United-States, <=50K
10316,24, Private,191954, Some-college,10, Never-married, Machine-op-inspct, Not-in-family, White, Male,0,0,40, United-States, <=50K
10317,77, Self-emp-not-inc,138714, Some-college,10, Married-civ-spouse, Sales, Husband, White, Male,0,0,40, United-States, <=50K
10318,22, Private,399087, 5th-6th,3, Married-civ-spouse, Machine-op-inspct, Other-relative, White, Female,0,0,40, Mexico, <=50K
10319,29, Private,423158, Some-college,10, Never-married, Tech-support, Not-in-family, White, Female,0,0,40, United-States, <=50K
10320,62, Private,159841, HS-grad,9, Widowed, Other-service, Not-in-family, White, Female,0,0,24, United-States, <=50K
10321,39, Self-emp-not-inc,174308, HS-grad,9, Married-civ-spouse, Exec-managerial, Husband, White, Male,0,0,40, United-States, <=50K
10322,43, Private,50356, Some-college,10, Married-civ-spouse, Craft-repair, Husband, White, Male,0,1485,50, United-States, <=50K
10323,35, Private,186110, HS-grad,9, Divorced, Transport-moving, Not-in-family, White, Male,0,0,45, United-States, <=50K
10324,29, Private,200381, 11th,7, Never-married, Exec-managerial, Not-in-family, White, Female,0,0,40, United-States, <=50K
10325,76, Self-emp-not-inc,174309, Masters,14, Married-civ-spouse, Craft-repair, Husband, White, Male,0,0,10, United-States, <=50K
10326,63, Self-emp-not-inc,78383, HS-grad,9, Married-civ-spouse, Farming-fishing, Husband, White, Male,0,0,45, United-States, <=50K
10327,23, ,211601, Assoc-voc,11, Never-married, , Own-child, Black, Female,0,0,15, United-States, <=50K
10328,43, Private,187728, Some-college,10, Married-civ-spouse, Prof-specialty, Wife, White, Female,0,1887,50, United-States, >50K
10329,58, Self-emp-not-inc,321171, HS-grad,9, Married-civ-spouse, Handlers-cleaners, Husband, White, Male,0,0,40, United-States, <=50K
10330,66, Private,127921, HS-grad,9, Never-married, Transport-moving, Not-in-family, White, Male,2050,0,55, United-States, <=50K
10331,41, Private,206565, Some-college,10, Never-married, Craft-repair, Not-in-family, Black, Male,0,0,45, United-States, <=50K
10332,26, Private,224563, Bachelors,13, Never-married, Adm-clerical, Not-in-family, White, Male,0,0,40, United-States, <=50K
10333,47, Private,178686, Assoc-voc,11, Never-married, Other-service, Not-in-family, White, Male,0,0,40, United-States, <=50K
10334,55, Local-gov,98545, 10th,6, Married-civ-spouse, Adm-clerical, Husband, White, Male,0,0,40, United-States, <=50K
10335,53, Private,242606, HS-grad,9, Married-civ-spouse, Transport-moving, Husband, White, Male,0,0,40, United-States, <=50K
10336,17, Private,270942, 5th-6th,3, Never-married, Other-service, Other-relative, White, Male,0,0,48, Mexico, <=50K
10337,30, Private,94235, HS-grad,9, Never-married, Craft-repair, Other-relative, White, Male,0,0,40, United-States, <=50K
10338,49, Private,71195, Masters,14, Never-married, Prof-specialty, Not-in-family, White, Male,0,0,60, United-States, <=50K
10339,19, Private,104112, HS-grad,9, Never-married, Sales, Unmarried, Black, Male,0,0,30, Haiti, <=50K
10340,45, Private,261192, HS-grad,9, Married-civ-spouse, Other-service, Husband, Black, Male,0,0,40, United-States, <=50K
10341,26, Private,94936, Assoc-acdm,12, Never-married, Sales, Not-in-family, White, Male,0,0,40, United-States, <=50K
10342,38, Private,296478, Assoc-voc,11, Married-civ-spouse, Craft-repair, Husband, White, Male,7298,0,40, United-States, >50K
10343,36, State-gov,119272, HS-grad,9, Married-civ-spouse, Protective-serv, Husband, White, Male,7298,0,40, United-States, >50K
10344,33, Private,85043, HS-grad,9, Never-married, Farming-fishing, Not-in-family, White, Male,0,0,20, United-States, <=50K
10345,22, State-gov,293364, Some-college,10, Never-married, Protective-serv, Own-child, Black, Female,0,0,40, United-States, <=50K
10346,43, Self-emp-not-inc,241895, Bachelors,13, Never-married, Sales, Not-in-family, White, Male,0,0,42, United-States, <=50K
10347,67, ,36135, 11th,7, Married-civ-spouse, , Husband, White, Male,0,0,8, United-States, <=50K
10348,30, ,151989, Assoc-voc,11, Divorced, , Unmarried, White, Female,0,0,40, United-States, <=50K
10349,56, Private,101128, Assoc-acdm,12, Married-spouse-absent, Other-service, Not-in-family, White, Male,0,0,25, Iran, <=50K
10350,31, Private,156464, Bachelors,13, Never-married, Prof-specialty, Own-child, White, Male,0,0,25, United-States, <=50K
10351,33, Private,117963, Bachelors,13, Married-civ-spouse, Exec-managerial, Husband, White, Male,0,0,40, United-States, >50K
10352,26, Private,192262, HS-grad,9, Married-civ-spouse, Other-service, Husband, White, Male,0,0,40, United-States, <=50K
10353,33, Private,111363, Bachelors,13, Married-civ-spouse, Exec-managerial, Husband, White, Male,0,0,40, United-States, >50K
10354,46, Local-gov,329752, 11th,7, Married-civ-spouse, Transport-moving, Husband, White, Male,0,0,30, United-States, <=50K
10355,59, ,372020, Bachelors,13, Married-civ-spouse, , Husband, White, Male,0,0,40, United-States, >50K
10356,38, Federal-gov,95432, HS-grad,9, Married-civ-spouse, Adm-clerical, Husband, White, Male,0,0,40, United-States, >50K
10357,65, Private,161400, 11th,7, Widowed, Other-service, Unmarried, Other, Male,0,0,40, United-States, <=50K
10358,40, Private,96129, Assoc-voc,11, Married-civ-spouse, Tech-support, Husband, White, Male,0,0,40, United-States, >50K
10359,42, Private,111949, HS-grad,9, Married-civ-spouse, Adm-clerical, Wife, White, Female,0,0,35, United-States, <=50K
10360,26, Self-emp-not-inc,117125, 9th,5, Married-civ-spouse, Craft-repair, Husband, White, Male,0,0,40, Portugal, <=50K
10361,36, Private,348022, 10th,6, Married-civ-spouse, Other-service, Wife, White, Female,0,0,24, United-States, <=50K
10362,62, Private,270092, Masters,14, Married-civ-spouse, Prof-specialty, Husband, White, Male,0,0,40, United-States, >50K
10363,43, Private,180609, Bachelors,13, Married-civ-spouse, Transport-moving, Husband, White, Male,0,0,45, United-States, <=50K
10364,43, Private,174575, Bachelors,13, Divorced, Exec-managerial, Not-in-family, White, Male,0,1564,45, United-States, >50K
10365,22, Private,410439, HS-grad,9, Married-spouse-absent, Sales, Not-in-family, White, Male,0,0,55, United-States, <=50K
10366,28, Private,92262, HS-grad,9, Married-civ-spouse, Craft-repair, Husband, White, Male,0,0,40, United-States, <=50K
10367,56, Self-emp-not-inc,183081, Some-college,10, Married-civ-spouse, Sales, Husband, White, Male,0,0,45, United-States, <=50K
10368,22, Private,362589, Assoc-acdm,12, Never-married, Sales, Not-in-family, White, Female,0,0,15, United-States, <=50K
10369,57, Private,212448, Bachelors,13, Divorced, Exec-managerial, Not-in-family, White, Female,0,0,45, United-States, >50K
10370,39, Private,481060, HS-grad,9, Divorced, Sales, Unmarried, White, Female,0,0,40, United-States, <=50K
10371,26, Federal-gov,185885, Some-college,10, Never-married, Adm-clerical, Unmarried, White, Female,0,0,15, United-States, <=50K
10372,17, Private,89821, 11th,7, Never-married, Other-service, Own-child, White, Male,0,0,10, United-States, <=50K
10373,40, State-gov,184018, Assoc-voc,11, Married-civ-spouse, Machine-op-inspct, Husband, White, Male,0,0,38, United-States, >50K
10374,45, Private,256649, HS-grad,9, Married-civ-spouse, Machine-op-inspct, Husband, Black, Male,0,0,40, United-States, <=50K
10375,44, Private,160323, HS-grad,9, Never-married, Craft-repair, Not-in-family, Black, Male,0,0,40, United-States, <=50K
10376,20, Local-gov,350845, Some-college,10, Never-married, Adm-clerical, Own-child, White, Female,0,0,10, United-States, <=50K
10377,33, Private,267404, HS-grad,9, Married-civ-spouse, Craft-repair, Wife, White, Female,0,0,40, United-States, <=50K
10378,23, Private,35633, Some-college,10, Never-married, Sales, Not-in-family, White, Male,0,0,40, United-States, <=50K
10379,46, Self-emp-not-inc,80914, Masters,14, Divorced, Exec-managerial, Not-in-family, White, Male,0,0,30, United-States, <=50K
10380,38, Private,172927, HS-grad,9, Married-civ-spouse, Sales, Husband, White, Male,0,0,50, United-States, <=50K
10381,54, Private,174319, HS-grad,9, Divorced, Transport-moving, Not-in-family, White, Male,0,0,40, United-States, <=50K
10382,46, Private,214955, 5th-6th,3, Divorced, Craft-repair, Not-in-family, White, Female,0,2339,45, United-States, <=50K
10383,25, Private,344991, Some-college,10, Married-civ-spouse, Craft-repair, Husband, White, Male,0,0,40, United-States, <=50K
10384,46, Private,108699, Some-college,10, Divorced, Sales, Not-in-family, White, Female,0,0,40, United-States, <=50K
10385,36, Local-gov,117312, Some-college,10, Married-civ-spouse, Transport-moving, Wife, White, Female,0,0,40, United-States, <=50K
10386,23, Private,396099, HS-grad,9, Never-married, Other-service, Not-in-family, White, Female,0,0,25, United-States, <=50K
10387,29, Private,134152, HS-grad,9, Separated, Machine-op-inspct, Not-in-family, White, Male,0,0,40, United-States, <=50K
10388,44, Private,162028, Some-college,10, Married-civ-spouse, Adm-clerical, Wife, White, Female,0,2415,6, United-States, >50K
10389,19, Private,25429, Some-college,10, Never-married, Adm-clerical, Own-child, White, Female,0,0,16, United-States, <=50K
10390,19, Private,232392, HS-grad,9, Never-married, Other-service, Other-relative, White, Female,0,0,40, United-States, <=50K
10391,35, Private,220098, HS-grad,9, Married-civ-spouse, Other-service, Wife, White, Female,0,0,40, United-States, >50K
10392,27, Private,301302, Bachelors,13, Never-married, Craft-repair, Not-in-family, White, Male,0,0,50, United-States, <=50K
10393,46, Self-emp-not-inc,277946, Assoc-acdm,12, Separated, Craft-repair, Not-in-family, White, Male,0,0,40, United-States, <=50K
10394,34, State-gov,98101, Bachelors,13, Married-civ-spouse, Exec-managerial, Husband, White, Male,7688,0,45, , >50K
10395,34, Private,196164, HS-grad,9, Never-married, Other-service, Not-in-family, White, Female,0,0,35, United-States, <=50K
10396,44, Private,115562, Some-college,10, Married-civ-spouse, Tech-support, Husband, White, Male,0,0,40, United-States, <=50K
10397,45, Private,96975, Some-college,10, Divorced, Handlers-cleaners, Unmarried, White, Female,0,0,40, United-States, <=50K
10398,20, ,137300, HS-grad,9, Never-married, , Other-relative, White, Female,0,0,35, United-States, <=50K
10399,25, Private,86872, Bachelors,13, Married-civ-spouse, Exec-managerial, Husband, White, Male,0,0,55, United-States, >50K
